<?xml version="1.0" encoding="UTF-8"?>
<beans xmlns="http://www.springframework.org/schema/beans"
	xmlns:xsi="http://www.w3.org/2001/XMLSchema-instance"
	xmlns:context="http://www.springframework.org/schema/context"
	xsi:schemaLocation="http://www.springframework.org/schema/beans http://www.springframework.org/schema/beans/spring-beans.xsd
		http://www.springframework.org/schema/context http://www.springframework.org/schema/context/spring-context-3.1.xsd">
   
   <!-- Root Context: defines shared resources visible to all other web components -->
   <bean id="connectionMaker" class="org.apache.commons.dbcp.BasicDataSource">
      <property name="initialSize" value="10"></property>
      <property name="maxActive" value="20"></property>
      <property name="driverClassName" value="oracle.jdbc.driver.OracleDriver"></property>
      <property name="url" value="jdbc:oracle:thin:@localhost:1521:XE"></property>
      <property name="username" value="superJ"></property>
      <property name="password" value="0000"></property>
   </bean>
	<context:annotation-config/>
   <bean id = "sqlSessionFactory" class="org.mybatis.spring.SqlSessionFactoryBean">
      <property name="dataSource" ref="connectionMaker"></property>
      <property name="mapperLocations" value="resources/sql.xml"></property>
   </bean>
   <bean id = "sqlSessionTemplate" class="org.mybatis.spring.SqlSessionTemplate">
      <constructor-arg ref="sqlSessionFactory"></constructor-arg>
   </bean>
   
   <bean id="dao" class="com.superJ.admin.AdminDAO">
   </bean>
   <bean id="page" class="com.superJ.admin.PageAdminInfo">
   </bean>
   <bean id="rpage" class="com.superJ.admin.ReplyPageInfo">
   </bean>
</beans>